<?xml version="1.0"?>
<WLANProfile xmlns="http://www.microsoft.com/networking/WLAN/profile/v1">
	<name>KOCAELISHPC</name>
	<SSIDConfig>
		<SSID>
			<hex>4B4F4341454C4953485043</hex>
			<name>KOCAELISHPC</name>
		</SSID>
		<nonBroadcast>true</nonBroadcast>
	</SSIDConfig>
	<connectionType>ESS</connectionType>
	<connectionMode>auto</connectionMode>
	<autoSwitch>false</autoSwitch>
	<MSM>
		<security>
			<authEncryption>
				<authentication>WPA2</authentication>
				<encryption>AES</encryption>
				<useOneX>true</useOneX>
			</authEncryption>
			<OneX xmlns="http://www.microsoft.com/networking/OneX/v1">
				<cacheUserData>true</cacheUserData>
				<authMode>user</authMode>
				<EAPConfig><EapHostConfig xmlns="http://www.microsoft.com/provisioning/EapHostConfig"><EapMethod><Type xmlns="http://www.microsoft.com/provisioning/EapCommon">21</Type><VendorId xmlns="http://www.microsoft.com/provisioning/EapCommon">0</VendorId><VendorType xmlns="http://www.microsoft.com/provisioning/EapCommon">0</VendorType><AuthorId xmlns="http://www.microsoft.com/provisioning/EapCommon">311</AuthorId></EapMethod><Config xmlns="http://www.microsoft.com/provisioning/EapHostConfig"><EapTtls xmlns="http://www.microsoft.com/provisioning/EapTtlsConnectionPropertiesV1"><ServerValidation><ServerNames></ServerNames><TrustedRootCAHash>9b b0 90 39 c0 6f 7f d1 cd 90 93 3b b1 16 98 12 27 e1 ef 21</TrustedRootCAHash><DisablePrompt>false</DisablePrompt></ServerValidation><Phase2Authentication><PAPAuthentication/></Phase2Authentication><Phase1Identity><IdentityPrivacy>false</IdentityPrivacy></Phase1Identity></EapTtls></Config></EapHostConfig></EAPConfig>
			</OneX>
		</security>
	</MSM>
</WLANProfile>
